561c4ffe7000,561c500d4000,/lib/systemd/systemd
561c500d4000,561c500fe000,/lib/systemd/systemd
561c500fe000,561c500ff000,/lib/systemd/systemd
561c50567000,561c5070d000,[heap]
7f2bdc000000,7f2bdc029000,
7f2be4000000,7f2be4029000,
7f2be4029000,7f2be8000000,
7f2beb2b4000,7f2beb2b5000,
7f2beb2b5000,7f2bebab5000,
7f2bebab5000,7f2bebab6000,
7f2bebab6000,7f2bec2b6000,
7f2bec2b6000,7f2bec2ba000,/lib/x86_64-linux-gnu/libuuid.so.1.3.0
7f2bec2ba000,7f2bec4b9000,/lib/x86_64-linux-gnu/libuuid.so.1.3.0
7f2bec4b9000,7f2bec4ba000,/lib/x86_64-linux-gnu/libuuid.so.1.3.0
7f2bec4ba000,7f2bec4bb000,/lib/x86_64-linux-gnu/libuuid.so.1.3.0
7f2bec4bb000,7f2bec4bf000,/lib/x86_64-linux-gnu/libattr.so.1.1.0
7f2bec4bf000,7f2bec6be000,/lib/x86_64-linux-gnu/libattr.so.1.1.0
7f2bec6be000,7f2bec6bf000,/lib/x86_64-linux-gnu/libattr.so.1.1.0
7f2bec6bf000,7f2bec6c0000,/lib/x86_64-linux-gnu/libattr.so.1.1.0
7f2bec6c0000,7f2bec6d3000,/lib/x86_64-linux-gnu/libgpg-error.so.0.21.0
7f2bec6d3000,7f2bec8d2000,/lib/x86_64-linux-gnu/libgpg-error.so.0.21.0
7f2bec8d2000,7f2bec8d3000,/lib/x86_64-linux-gnu/libgpg-error.so.0.21.0
7f2bec8d3000,7f2bec8d4000,/lib/x86_64-linux-gnu/libgpg-error.so.0.21.0
7f2bec8d4000,7f2bec914000,/lib/x86_64-linux-gnu/libblkid.so.1.1.0
7f2bec914000,7f2becb13000,/lib/x86_64-linux-gnu/libblkid.so.1.1.0
7f2becb13000,7f2becb17000,/lib/x86_64-linux-gnu/libblkid.so.1.1.0
7f2becb17000,7f2becb18000,/lib/x86_64-linux-gnu/libblkid.so.1.1.0
7f2becb18000,7f2becb19000,
7f2becb19000,7f2becb1d000,/lib/x86_64-linux-gnu/libcap-ng.so.0.0.0
7f2becb1d000,7f2becd1c000,/lib/x86_64-linux-gnu/libcap-ng.so.0.0.0
7f2becd1c000,7f2becd1d000,/lib/x86_64-linux-gnu/libcap-ng.so.0.0.0
7f2becd1d000,7f2becd1e000,/lib/x86_64-linux-gnu/libcap-ng.so.0.0.0
7f2becd1e000,7f2becd21000,/lib/x86_64-linux-gnu/libdl-2.24.so
7f2becd21000,7f2becf20000,/lib/x86_64-linux-gnu/libdl-2.24.so
7f2becf20000,7f2becf21000,/lib/x86_64-linux-gnu/libdl-2.24.so
7f2becf21000,7f2becf22000,/lib/x86_64-linux-gnu/libdl-2.24.so
7f2becf22000,7f2becf94000,/lib/x86_64-linux-gnu/libpcre.so.3.13.3
7f2becf94000,7f2bed193000,/lib/x86_64-linux-gnu/libpcre.so.3.13.3
7f2bed193000,7f2bed194000,/lib/x86_64-linux-gnu/libpcre.so.3.13.3
7f2bed194000,7f2bed195000,/lib/x86_64-linux-gnu/libpcre.so.3.13.3
7f2bed195000,7f2bed1c6000,/lib/x86_64-linux-gnu/libidn.so.11.6.16
7f2bed1c6000,7f2bed3c6000,/lib/x86_64-linux-gnu/libidn.so.11.6.16
7f2bed3c6000,7f2bed3c7000,/lib/x86_64-linux-gnu/libidn.so.11.6.16
7f2bed3c7000,7f2bed3c8000,/lib/x86_64-linux-gnu/libidn.so.11.6.16
7f2bed3c8000,7f2bed3cf000,/lib/x86_64-linux-gnu/libacl.so.1.1.0
7f2bed3cf000,7f2bed5ce000,/lib/x86_64-linux-gnu/libacl.so.1.1.0
7f2bed5ce000,7f2bed5cf000,/lib/x86_64-linux-gnu/libacl.so.1.1.0
7f2bed5cf000,7f2bed5d0000,/lib/x86_64-linux-gnu/libacl.so.1.1.0
7f2bed5d0000,7f2bed6d7000,/lib/x86_64-linux-gnu/libgcrypt.so.20.1.6
7f2bed6d7000,7f2bed8d6000,/lib/x86_64-linux-gnu/libgcrypt.so.20.1.6
7f2bed8d6000,7f2bed8d8000,/lib/x86_64-linux-gnu/libgcrypt.so.20.1.6
7f2bed8d8000,7f2bed8df000,/lib/x86_64-linux-gnu/libgcrypt.so.20.1.6
7f2bed8df000,7f2bed8f6000,/usr/lib/x86_64-linux-gnu/liblz4.so.1.7.1
7f2bed8f6000,7f2bedaf5000,/usr/lib/x86_64-linux-gnu/liblz4.so.1.7.1
7f2bedaf5000,7f2bedaf6000,/usr/lib/x86_64-linux-gnu/liblz4.so.1.7.1
7f2bedaf6000,7f2bedaf7000,/usr/lib/x86_64-linux-gnu/liblz4.so.1.7.1
7f2bedaf7000,7f2bedb1b000,/lib/x86_64-linux-gnu/liblzma.so.5.2.2
7f2bedb1b000,7f2bedd1b000,/lib/x86_64-linux-gnu/liblzma.so.5.2.2
7f2bedd1b000,7f2bedd1c000,/lib/x86_64-linux-gnu/liblzma.so.5.2.2
7f2bedd1c000,7f2bedd1d000,/lib/x86_64-linux-gnu/liblzma.so.5.2.2
7f2bedd1d000,7f2bedd21000,/lib/x86_64-linux-gnu/libcap.so.2.25
7f2bedd21000,7f2bedf21000,/lib/x86_64-linux-gnu/libcap.so.2.25
7f2bedf21000,7f2bedf22000,/lib/x86_64-linux-gnu/libcap.so.2.25
7f2bedf22000,7f2bedf23000,/lib/x86_64-linux-gnu/libcap.so.2.25
7f2bedf23000,7f2bee0e1000,/lib/x86_64-linux-gnu/libc-2.24.so
7f2bee0e1000,7f2bee2e0000,/lib/x86_64-linux-gnu/libc-2.24.so
7f2bee2e0000,7f2bee2e4000,/lib/x86_64-linux-gnu/libc-2.24.so
7f2bee2e4000,7f2bee2e6000,/lib/x86_64-linux-gnu/libc-2.24.so
7f2bee2e6000,7f2bee2ea000,
7f2bee2ea000,7f2bee302000,/lib/x86_64-linux-gnu/libpthread-2.24.so
7f2bee302000,7f2bee502000,/lib/x86_64-linux-gnu/libpthread-2.24.so
7f2bee502000,7f2bee503000,/lib/x86_64-linux-gnu/libpthread-2.24.so
7f2bee503000,7f2bee504000,/lib/x86_64-linux-gnu/libpthread-2.24.so
7f2bee504000,7f2bee508000,
7f2bee508000,7f2bee550000,/lib/x86_64-linux-gnu/libmount.so.1.1.0
7f2bee550000,7f2bee750000,/lib/x86_64-linux-gnu/libmount.so.1.1.0
7f2bee750000,7f2bee751000,/lib/x86_64-linux-gnu/libmount.so.1.1.0
7f2bee751000,7f2bee752000,/lib/x86_64-linux-gnu/libmount.so.1.1.0
7f2bee752000,7f2bee753000,
7f2bee753000,7f2bee762000,/lib/x86_64-linux-gnu/libapparmor.so.1.4.0
7f2bee762000,7f2bee962000,/lib/x86_64-linux-gnu/libapparmor.so.1.4.0
7f2bee962000,7f2bee963000,/lib/x86_64-linux-gnu/libapparmor.so.1.4.0
7f2bee963000,7f2bee964000,/lib/x86_64-linux-gnu/libapparmor.so.1.4.0
7f2bee964000,7f2bee97a000,/lib/x86_64-linux-gnu/libkmod.so.2.3.0
7f2bee97a000,7f2beeb79000,/lib/x86_64-linux-gnu/libkmod.so.2.3.0
7f2beeb79000,7f2beeb7a000,/lib/x86_64-linux-gnu/libkmod.so.2.3.0
7f2beeb7a000,7f2beeb7b000,/lib/x86_64-linux-gnu/libkmod.so.2.3.0
7f2beeb7b000,7f2beeb97000,/lib/x86_64-linux-gnu/libaudit.so.1.0.0
7f2beeb97000,7f2beed97000,/lib/x86_64-linux-gnu/libaudit.so.1.0.0
7f2beed97000,7f2beed98000,/lib/x86_64-linux-gnu/libaudit.so.1.0.0
7f2beed98000,7f2beed99000,/lib/x86_64-linux-gnu/libaudit.so.1.0.0
7f2beed99000,7f2beeda3000,
7f2beeda3000,7f2beedb0000,/lib/x86_64-linux-gnu/libpam.so.0.83.1
7f2beedb0000,7f2beefaf000,/lib/x86_64-linux-gnu/libpam.so.0.83.1
7f2beefaf000,7f2beefb0000,/lib/x86_64-linux-gnu/libpam.so.0.83.1
7f2beefb0000,7f2beefb1000,/lib/x86_64-linux-gnu/libpam.so.0.83.1
7f2beefb1000,7f2beefe0000,/lib/x86_64-linux-gnu/libseccomp.so.2.3.1
7f2beefe0000,7f2bef1df000,/lib/x86_64-linux-gnu/libseccomp.so.2.3.1
7f2bef1df000,7f2bef1f5000,/lib/x86_64-linux-gnu/libseccomp.so.2.3.1
7f2bef1f5000,7f2bef1f6000,/lib/x86_64-linux-gnu/libseccomp.so.2.3.1
7f2bef1f6000,7f2bef1fd000,/lib/x86_64-linux-gnu/librt-2.24.so
7f2bef1fd000,7f2bef3fc000,/lib/x86_64-linux-gnu/librt-2.24.so
7f2bef3fc000,7f2bef3fd000,/lib/x86_64-linux-gnu/librt-2.24.so
7f2bef3fd000,7f2bef3fe000,/lib/x86_64-linux-gnu/librt-2.24.so
7f2bef3fe000,7f2bef423000,/lib/x86_64-linux-gnu/libselinux.so.1
7f2bef423000,7f2bef622000,/lib/x86_64-linux-gnu/libselinux.so.1
7f2bef622000,7f2bef623000,/lib/x86_64-linux-gnu/libselinux.so.1
7f2bef623000,7f2bef624000,/lib/x86_64-linux-gnu/libselinux.so.1
7f2bef624000,7f2bef626000,
7f2bef626000,7f2bef7ab000,/lib/systemd/libsystemd-shared-232.so
7f2bef7ab000,7f2bef833000,/lib/systemd/libsystemd-shared-232.so
7f2bef833000,7f2bef834000,/lib/systemd/libsystemd-shared-232.so
7f2bef834000,7f2bef835000,
7f2bef835000,7f2bef85b000,/lib/x86_64-linux-gnu/ld-2.24.so
7f2befa1e000,7f2befa2b000,
7f2befa57000,7f2befa5a000,
7f2befa5a000,7f2befa5b000,/lib/x86_64-linux-gnu/ld-2.24.so
7f2befa5b000,7f2befa5c000,/lib/x86_64-linux-gnu/ld-2.24.so
7f2befa5c000,7f2befa5d000,
7fff423df000,7fff42400000,[stack]
7fff4246a000,7fff4246c000,[vvar]
7fff4246c000,7fff4246e000,[vdso]
